,type,id,lat,lon,name,place,name:ru,postal_code,wikidata,wikipedia,is_in,name:lt,source,alt_name,is_in:district,population,is_in:country,is_in:region,website,name:es,name:ar,name:ur,wikipedia:en,created_by,name:en,name:uk,old_name,GNS:dsg_code,GNS:id,capital,facebook,geometry
0,node,114194024,-21.1671868,16.4007827,Etjo,hamlet,,,,,,,,,,,,,,,,,,,,,,,,,,POINT (16.4007827 -21.1671868)
1,node,169021410,-20.8894241,16.1893565,Kalkfeld,village,,,,,,,,,,,,,,,,,,,,,,,,,,POINT (16.1893565 -20.8894241)
2,node,245022737,-20.5864334,17.4524507,Okakarara,village,Окакарара,12005,Q992077,en:Okakarara,,,,,,,,,,,,,,,,,,,,,,POINT (17.4524507 -20.5864334)
3,node,245023717,-20.4635829,16.6490992,Otjiwarongo,city,Очиваронго,12001,Q993149,en:Otjiwarongo,Namibia,Očivarongas,Local Knowledge,,,,,,,,,,,,,,,,,,,POINT (16.6490992 -20.4635829)
4,node,245024172,-19.6418434,17.3440533,Otavi,town,Отави,,Q1013965,,Namibia,,,,,,,,,,,,,,,,,,,,,POINT (17.3440533 -19.6418434)
5,node,245024496,-19.712964,17.711065,Kombat,village,,,Q119701,,Namibia,,,,,,,,,,,,,,,,,,,,,POINT (17.711065 -19.712964)
6,node,245029805,-18.7679537,17.9633956,Tsintsabis,village,,,,,Namibia,,,,,,,,,,,,,,,,,,,,,POINT (17.9633956 -18.7679537)
7,node,258882740,-21.0524638,15.5067273,Omatjete,village,,,Q7089908,en:Omatjette,Namibia,,,Omatjette,Kunene,12000,,,,,,,,,,,,,,,,POINT (15.5067273 -21.0524638)
8,node,258888029,-20.37384,14.960421,Khorixas,town,,,Q1740681,en:Khorixas,Namibia,,,,Kunene,6900,,,,,,,,,,,,,,,,POINT (14.960421 -20.37384)
9,node,258969494,-19.9069382,13.9829115,Palmwag,hamlet,,,,,Namibia,,,,,,,,,,,,,,,,,,,,,POINT (13.9829115 -19.9069382)
10,node,258982029,-20.2107358,15.0159551,Fransfontein,village,,,Q993156,,Namibia,,,,,,,,,,,,,,,,,,,,,POINT (15.0159551 -20.2107358)
11,node,258986827,-19.6284083,14.8433584,Kamanjab,village,,21004,Q1699191,en:Kamanjab,Namibia,,,Okamanja,,7000,,,,,,,,,,,,,,,,POINT (14.8433584 -19.6284083)
12,node,259222387,-20.1107902,16.1569975,Outjo,town,Оучо,,,,Namibia,,,,,,Namibia,Kunene,,,,,,,,,,,,,,POINT (16.1569975 -20.1107902)
13,node,259486111,-18.6173308,17.168044,Oshivelo,town,,,Q914118,,Namibia,,,,,,,,,,,,,,,,,,,,,POINT (17.168044 -18.6173308)
14,node,259489730,-17.9128994,16.0403442,Oniipa,town,,14004,Q2024282,,Namibia,,,,,,,,https://oniipatc.org.na/,,,,,,,,,,,,,POINT (16.0403442 -17.9128994)
15,node,259489787,-17.9097449,15.9734636,Ondangwa,town,,,Q2023773,,,,,,,30000,,,,Ondangua,,,,,,,,,,,,POINT (15.9734636 -17.9097449)
16,node,259490969,-17.7826518,15.6986,Oshakati,city,Ошакати,15001,Q985622,en:Oshakati,"Oshana, Namibia",Ošakatis,,,,43000,,,,,أوشاكاتي,اوشاکاتی,,,,,,,,,,POINT (15.6986 -17.7826518)
17,node,259491696,-17.6573092,15.472675,Oshikuku,town,,16003,,,Namibia,,,,,,,,,,,,https://en.wikipedia.org/wiki/Oshikuku,,,,,,,,,POINT (15.472675 -17.6573092)
18,node,259583231,-17.5933583,14.685526,Onesi,village,,,,,Namibia,,,,,,,,,,,,,,,,,,,,,POINT (14.685526 -17.5933583)
19,node,259583467,-17.7483156,14.8860923,Tsandi,hamlet,,,,,tsandi,,,,,,,,,,,,,,,,,,,,,POINT (14.8860923 -17.7483156)
20,node,259587417,-17.4390827,14.362524,Ruacana,town,Руакана,,Q1013946,en:Ruacana,Namibia,,,,,,,,,,,,,,,,,,,,,POINT (14.362524 -17.4390827)
21,node,259590679,-17.8837404,15.0631049,Okahao,town,,,Q2017063,,Namibia,,,,,,,,,,,,,,,,,,,,,POINT (15.0631049 -17.8837404)
22,node,259603503,-17.6317017,16.8108911,Onhunda,village,,,,,Namibia,,,,,,,,,,,,,Potlatch 0.8a,,,,,,,,POINT (16.8108911 -17.6317017)
23,node,259603941,-17.5776085,17.2229377,Okongo,town,,,Q1412487,,Nambia,,,,,,,,,,,,,,,,,,,,,POINT (17.2229377 -17.5776085)
24,node,259762489,-20.8514038,17.8595247,Ozongarangombe,hamlet,,,,,,,,,,,,,,,,,,,,,,,,,,POINT (17.8595247 -20.8514038)
25,node,546664314,-18.7158118,17.3996988,Ombili,hamlet,,,,,,,,,,,,,,,,,,,,,,,,,,POINT (17.3996988 -18.7158118)
26,node,1299351440,-17.9956291,16.1499536,Onathinge,hamlet,,,,,,,,,,,,,,,,,,,,,,,,,,POINT (16.1499536 -17.9956291)
27,node,1299351441,-18.1865776,16.3765811,Onankali,village,,,,,,,,,,,,,,,,,,,,,,,,,,POINT (16.3765811 -18.1865776)
28,node,1299351452,-18.0814872,16.4364539,Amuteya,hamlet,,,,,,,,,,,,,,,,,,,,,,,,,,POINT (16.4364539 -18.0814872)
29,node,1348262190,-17.7800618,15.764356,Ongwediva,town,Онгуэдива,15006,Q841557,,,,,,,20260,,,,,,,,,Ongwediva,Онгуедіва,,,,,,POINT (15.764356 -17.7800618)
30,node,1358268868,-17.9127052,15.7020892,Ompundja,hamlet,,,,,,,,,,,,,,,,,,,,,,,,,,POINT (15.7020892 -17.9127052)
31,node,1358268872,-17.8485698,15.725561,Omege,hamlet,,,,,,,,,,,,,,,,,,,,,,,,,,POINT (15.725561 -17.8485698)
32,node,1362592852,-17.6750468,15.295068,Ogongo,village,,,Q28968316,,,,,,,,,,,,,,,,,,,,,,,POINT (15.295068 -17.6750468)
33,node,1362592853,-17.4429061,15.3379073,Okalongo,town,,,,,,,,,,,,,,,,,,,,,,,,,,POINT (15.3379073 -17.4429061)
34,node,1362633207,-17.5046361,14.9865165,Outapi,town,Оутапи,16001,Q1758215,en:Outapi,,,,Ombalantu,,7000,,,,,,,,,,,Uutapi,,,,,POINT (14.9865165 -17.5046361)
35,node,1376606376,-18.3579195,16.581516,Omuthiya,town,Омутия,,Q1005584,en:Omuthiya,,Omutija,Local Knowledge,Omuthiyagwiipundi,,,,,http://www.omuthiyatowncouncil.com.na/,,,,,,,,,,,,,POINT (16.581516 -18.3579195)
36,node,1834513048,-20.2166772,14.0700757,Bergsig,hamlet,,,,,,,,,,,,,,,,,,,,,,,,,,POINT (14.0700757 -20.2166772)
37,node,1942500524,-17.3057666,15.8468991,Namacunde,village,,,Q1619295,,,,,,,,,,,,,,,,,,,,,,,POINT (15.8468991 -17.3057666)
38,node,1942500917,-17.382656,15.888741,Santa Clara,village,,,Q2222824,,,,,,,,,,,,,,,,,,,,,,,POINT (15.888741 -17.382656)
39,node,1947208767,-17.3324238,16.0526711,Melunga,village,,,,,,,,,,,,,,,,,,,,,,,,,,POINT (16.0526711 -17.3324238)
40,node,2052875932,-20.5487581,14.4116868,Twyfelfontein,village,,,,,,,,,Kunene,,Namibia,,,,,,,,,,,,,,,POINT (14.4116868 -20.5487581)
41,node,2054449527,-20.5755173,14.4533115,Dimab Farm,hamlet,,,,,,,,,,,,,,,,,,,,,,,,,,POINT (14.4533115 -20.5755173)
42,node,2054449877,-20.5915633,14.5268825,Village,village,,,,,,,,,,,,,,,,,,,,,,,,,,POINT (14.5268825 -20.5915633)
43,node,2134693990,-17.278636,14.53663,Calueque,village,,,Q493780,,Angola,,GNS,,,,,,,,,,,,,,,PPL,-2859881,,,POINT (14.53663 -17.278636)
44,node,2183543290,-17.7298648,15.8364693,Onamutayi,hamlet,,,,,,,,,,,,,,,,,,,,,,,,,,POINT (15.8364693 -17.7298648)
45,node,2208469160,-18.7978984,14.4043373,,village,,,,,,,,,,,,,,,,,,,,,,,,,,POINT (14.4043373 -18.7978984)
46,node,2208469162,-19.6881232,14.313963,,village,,,,,,,,,,,,,,,,,,,,,,,,,,POINT (14.313963 -19.6881232)
47,node,3200594218,-19.8723291,14.0360803,,hamlet,,,,,,,,,,,,,,,,,,,,,,,,,,POINT (14.0360803 -19.8723291)
48,node,3200599118,-19.7810094,14.2887614,Rodeon,hamlet,,,,,,,,,,,Namibia,,,,,,,,,,,,,,,POINT (14.2887614 -19.7810094)
49,node,3200612177,-19.7470028,14.3664962,,hamlet,,,,,,,,,,,,,,,,,,,,,,,,,,POINT (14.3664962 -19.7470028)
50,node,3208213067,-18.9823928,14.1542859,,hamlet,,,,,,,,,,,,,,,,,,,,,,,,,,POINT (14.1542859 -18.9823928)
51,node,3208213243,-19.0112945,14.0846021,,hamlet,,,,,,,,,,,,,,,,,,,,,,,,,,POINT (14.0846021 -19.0112945)
52,node,3208214001,-19.062815,14.3489754,Otjokavare,village,,,,,,,,,,,,,,,,,,,,,,,,,,POINT (14.3489754 -19.062815)
53,node,3208273928,-18.6591038,14.2149813,,hamlet,,,,,,,,,,,,,,,,,,,,,,,,,,POINT (14.2149813 -18.6591038)
54,node,3208273930,-18.6841483,14.2596455,,hamlet,,,,,,,,,,,,,,,,,,,,,,,,,,POINT (14.2596455 -18.6841483)
55,node,3208273955,-18.700252,14.2913295,Okatjuru,hamlet,,,,,,,,,,,,,,,,,,,,,,,,,,POINT (14.2913295 -18.700252)
56,node,3208274883,-18.659236,14.3176456,Ohama,village,,,,,,,,,,,,,,,,,,,,,,,,,,POINT (14.3176456 -18.659236)
57,node,3208274935,-18.6308227,14.2323406,Otjondeka,village,,,,,,,,,,,,,,,,,,,,,,,,,,POINT (14.2323406 -18.6308227)
58,node,3208311576,-18.852523,14.3787141,,hamlet,,,,,,,,,,,,,,,,,,,,,,,,,,POINT (14.3787141 -18.852523)
59,node,3208311598,-18.8787468,14.3909235,,village,,,,,,,,,,,,,,,,,,,,,,,,,,POINT (14.3909235 -18.8787468)
60,node,3208311615,-18.8420648,14.4487841,,hamlet,,,,,,,,,,,,,,,,,,,,,,,,,,POINT (14.4487841 -18.8420648)
61,node,3208311625,-18.839273,14.371705,Otjivero,hamlet,,,,,,,,,,,,,,,,,,,,,,,,,,POINT (14.371705 -18.839273)
62,node,3208311654,-18.736299,14.3279882,,hamlet,,,,,,,,,,,,,,,,,,,,,,,,,,POINT (14.3279882 -18.736299)
63,node,3208312163,-18.7956449,14.351892,Otjetjekua,hamlet,,,,,,,,,,,,,,,,,,,,,,,,,,POINT (14.351892 -18.7956449)
64,node,3209742669,-18.1985997,14.0028595,Otjerunda,village,,,Q60049870,,,,,,,,,,,,,,,,,,,,,,,POINT (14.0028595 -18.1985997)
65,node,3209757379,-18.4859438,14.1020583,Otuzemba,hamlet,,,,,,,,,,,,,,,,,,,,,,,,,,POINT (14.1020583 -18.4859438)
66,node,3209757387,-18.47298,14.1017364,,hamlet,,,,,,,,,,,,,,,,,,,,,,,,,,POINT (14.1017364 -18.47298)
67,node,3209757428,-18.4911127,14.1032814,,hamlet,,,,,,,,,,,,,,,,,,,,,,,,,,POINT (14.1032814 -18.4911127)
68,node,3209796334,-18.5346661,14.1181194,Otjitoko,village,,,,,,,,,,,,,,,,,,,,,,,,,,POINT (14.1181194 -18.5346661)
69,node,3209796507,-18.6251454,14.1525804,,village,,,,,,,,,,,,,,,,,,,,,,,,,,POINT (14.1525804 -18.6251454)
70,node,3209832989,-18.9189605,14.1063575,Oruvandjai,hamlet,,,,,,,,,,,Namibia,,,,,,,,,,,,,,,POINT (14.1063575 -18.9189605)
71,node,3209833201,-18.9709859,14.1565715,Village,hamlet,,,,,,,,,,,,,,,,,,,,,,,,,,POINT (14.1565715 -18.9709859)
72,node,3209869195,-18.4497832,14.4113327,,hamlet,,,,,,,,,,,,,,,,,,,,,,,,,,POINT (14.4113327 -18.4497832)
73,node,3209871547,-18.5356334,14.2747761,,hamlet,,,,,,,,,,,,,,,,,,,,,,,,,,POINT (14.2747761 -18.5356334)
74,node,3211302259,-18.2613061,17.972925,,hamlet,,,,,,,,,,,,,,,,,,,,,,,,,,POINT (17.972925 -18.2613061)
75,node,3211388525,-18.490218,17.0622088,King Kauluma Village,hamlet,,,,https://en.wikipedia.org/wiki/King_Kauluma_Village,,,,,,,,,,,,,,,,,,,,,,POINT (17.0622088 -18.490218)
76,node,3211476100,-18.1370573,16.7237533,,hamlet,,,,,,,,,,,,,,,,,,,,,,,,,,POINT (16.7237533 -18.1370573)
77,node,3211476294,-18.0505263,16.6733636,,hamlet,,,,,,,,,,,,,,,,,,,,,,,,,,POINT (16.6733636 -18.0505263)
78,node,3211530704,-17.4067665,17.1329094,Omboloka,village,,,,,,,,,,,,,,,,,,,,,,,,,,POINT (17.1329094 -17.4067665)
79,node,3211531068,-17.6884533,17.3974016,Ekoka,hamlet,,,,,,,,,,,,,,,,,,,,,,,,,,POINT (17.3974016 -17.6884533)
80,node,3211576243,-18.9598086,17.3009444,,hamlet,,,,,,,,,,,,,,,,,,,,,,,,,,POINT (17.3009444 -18.9598086)
81,node,3211899053,-18.1139672,16.2917823,,hamlet,,,,,,,,,,,,,,,,,,,,,,,,,,POINT (16.2917823 -18.1139672)
82,node,3211901871,-18.0867031,16.3000006,,hamlet,,,,,,,,,,,,,,,,,,,,,,,,,,POINT (16.3000006 -18.0867031)
83,node,3211928281,-18.236442,16.2379927,Omuntele,village,,,,,,,,,,,,,,,,,,,,,,,,,,POINT (16.2379927 -18.236442)
84,node,3211928374,-18.4512294,16.3237597,,village,,,,,,,,,,,,,,,,,,,,,,,,,,POINT (16.3237597 -18.4512294)
85,node,3222806473,-19.8972139,13.9915686,,hamlet,,,,,,,,,,,,,,,,,,,,,,,,,,POINT (13.9915686 -19.8972139)
86,node,3223936558,-20.031213,15.1480155,,hamlet,,,,,,,,,,,,,,,,,,,,,,,,,,POINT (15.1480155 -20.031213)
87,node,3223990362,-20.4994819,15.1231889,,hamlet,,,,,,,,,,,,,,,,,,,,,,,,,,POINT (15.1231889 -20.4994819)
88,node,3224010858,-19.5061568,16.1093553,,hamlet,,,,,,,,,,,,,,,,,,,,,,,,,,POINT (16.1093553 -19.5061568)
89,node,3224010860,-19.4330228,16.0304018,,village,,,,,,,,,,,,,,,,,,,,,,,,,,POINT (16.0304018 -19.4330228)
90,node,3224931640,-20.4489857,15.2369077,,hamlet,,,,,,,,,,,,,,,,,,,,,,,,,,POINT (15.2369077 -20.4489857)
91,node,3224931644,-20.4676827,15.2700813,,hamlet,,,,,,,,,,,,,,,,,,,,,,,,,,POINT (15.2700813 -20.4676827)
92,node,3225584504,-20.4474527,17.7881346,,hamlet,,,,,,,,,,,,,,,,,,,,,,,,,,POINT (17.7881346 -20.4474527)
93,node,3225584527,-20.6635468,17.7873084,,hamlet,,,,,,,,,,,,,,,,,,,,,,,,,,POINT (17.7873084 -20.6635468)
94,node,3225584537,-20.5160279,17.6754711,,hamlet,,,,,,,,,,,,,,,,,,,,,,,,,,POINT (17.6754711 -20.5160279)
95,node,3225584549,-20.6544931,17.7659629,Omaihi,hamlet,,,,,,,,,,,,,,,,,,,,,,,,,,POINT (17.7659629 -20.6544931)
96,node,3225584552,-20.4797491,17.727463,,hamlet,,,,,,,,,,,,,,,,,,,,,,,,,,POINT (17.727463 -20.4797491)
97,node,3225585461,-20.516882,17.6576987,,hamlet,,,,,,,,,,,,,,,,,,,,,,,,,,POINT (17.6576987 -20.516882)
98,node,3225585468,-20.4613149,17.7559266,,village,,,,,,,,,,,,,,,,,,,,,,,,,,POINT (17.7559266 -20.4613149)
99,node,3288660061,-17.2050337,14.6781575,Naulila,village,,,Q188292,,,,,,,,,,https://en.wikipedia.org/wiki/Naulila,,,,,,,,,,,,,POINT (14.6781575 -17.2050337)
100,node,3347448450,-17.6284875,14.1140361,Etoto,hamlet,,,,,,,,,,,,,,,,,,,,,,,,,,POINT (14.1140361 -17.6284875)
101,node,3434614610,-20.2976122,14.5283669,,hamlet,,,,,,,,,,,,,,,,,,,,,,,,,,POINT (14.5283669 -20.2976122)
102,node,3450860435,-20.3519105,14.5089813,Village,hamlet,,,,,,,,,,,,,,,,,,,,,,,,,,POINT (14.5089813 -20.3519105)
103,node,3461591862,-20.3843169,14.5547824,,hamlet,,,,,,,,,,,,,,,,,,,,,,,,,,POINT (14.5547824 -20.3843169)
104,node,3461607121,-19.9248906,13.9791163,,hamlet,,,,,,,,,,,,,,,,,,,,,,,,,,POINT (13.9791163 -19.9248906)
105,node,3461607189,-20.269817,14.5220295,Village,hamlet,,,,,,,,,,,,,,,,,,,,,,,,,,POINT (14.5220295 -20.269817)
106,node,3461607273,-20.1567569,14.4974636,,hamlet,,,,,,,,,,,,,,,,,,,,,,,,,,POINT (14.4974636 -20.1567569)
107,node,3461767150,-19.7849574,14.233078,,hamlet,,,,,,,,,,,,,,,,,,,,,,,,,,POINT (14.233078 -19.7849574)
108,node,3461768068,-19.7484481,14.3329903,,hamlet,,,,,,,,,,,,,,,,,,,,,,,,,,POINT (14.3329903 -19.7484481)
109,node,3461768091,-19.7654065,14.3230607,,hamlet,,,,,,,,,,,,,,,,,,,,,,,,,,POINT (14.3230607 -19.7654065)
110,node,3461768379,-19.7483016,14.406923,,hamlet,,,,,,,,,,,,,,,,,,,,,,,,,,POINT (14.406923 -19.7483016)
111,node,3461768496,-19.7703586,14.4027977,,hamlet,,,,,,,,,,,,,,,,,,,,,,,,,,POINT (14.4027977 -19.7703586)
112,node,3461768588,-19.7418238,14.27668,,hamlet,,,,,,,,,,,,,,,,,,,,,,,,,,POINT (14.27668 -19.7418238)
113,node,3461797294,-20.5597315,14.6150465,,hamlet,,,,,,,,,,,,,,,,,,,,,,,,,,POINT (14.6150465 -20.5597315)
114,node,3461797310,-20.4854664,14.5331312,Village,hamlet,,,,,,,,,,,,,,,,,,,,,,,,,,POINT (14.5331312 -20.4854664)
115,node,3461902658,-20.3758739,14.8069897,,hamlet,,,,,,,,,,,,,,,,,,,,,,,,,,POINT (14.8069897 -20.3758739)
116,node,3461902924,-20.3701714,14.7265556,,hamlet,,,,,,,,,,,,,,,,,,,,,,,,,,POINT (14.7265556 -20.3701714)
117,node,3461903105,-20.377071,14.6964398,,hamlet,,,,,,,,,,,,,,,,,,,,,,,,,,POINT (14.6964398 -20.377071)
118,node,3676251145,-18.1455723,14.2922,Omakange,village,,,,,,,,Omakanga,,,,,,,,,,,,,,,,,,POINT (14.2922 -18.1455723)
119,node,3718184661,-17.9492071,16.1975407,Onayena,village,,,Q48774348,en:Onayena,,,,,,,,,,,,,,,,,,,,,,POINT (16.1975407 -17.9492071)
120,node,3950746227,-20.8804418,15.5354194,Motjari,hamlet,,,,,,,,,,,,,,,,,,,,,,,,,,POINT (15.5354194 -20.8804418)
121,node,3950746228,-20.6763198,15.3816842,Okongue,hamlet,,,,,,,,,,,,,,,,,,,,,,,,,,POINT (15.3816842 -20.6763198)
122,node,3950746231,-20.9683673,15.2698084,Ozondati,hamlet,,,,,,,,,,,,,,,,,,,,,,,,,,POINT (15.2698084 -20.9683673)
123,node,3987838707,-19.2955902,14.0270141,Umumbaaitjie,hamlet,,,,,,,,,,,Namibia,,,,,,,,,,,,,,,POINT (14.0270141 -19.2955902)
124,node,4188967035,-20.2680712,15.4681826,Otjikarare,hamlet,,,,,,,,,,,,,,,,,,,,,,,,,,POINT (15.4681826 -20.2680712)
125,node,4212100233,-20.2598471,14.9731903,,hamlet,,,,,,,,,,,,,,,,,,,,,,,,,,POINT (14.9731903 -20.2598471)
126,node,4212312246,-19.9049687,14.8082717,,hamlet,,,,,,,,,,,,,,,,,,,,,,,,,,POINT (14.8082717 -19.9049687)
127,node,4212312770,-19.9061031,14.8148273,,hamlet,,,,,,,,,,,,,,,,,,,,,,,,,,POINT (14.8148273 -19.9061031)
128,node,4212315773,-19.9106173,14.860221,,hamlet,,,,,,,,,,,,,,,,,,,,,,,,,,POINT (14.860221 -19.9106173)
129,node,4212334705,-19.856045,14.7789063,,hamlet,,,,,,,,,,,,,,,,,,,,,,,,,,POINT (14.7789063 -19.856045)
130,node,4212373564,-19.7369362,14.6125236,,hamlet,,,,,,,,,,,,,,,,,,,,,,,,,,POINT (14.6125236 -19.7369362)
131,node,4212373627,-19.6939359,14.6213647,,hamlet,,,,,,,,,,,,,,,,,,,,,,,,,,POINT (14.6213647 -19.6939359)
132,node,4212420923,-19.7628879,14.5970204,,hamlet,,,,,,,,,,,,,,,,,,,,,,,,,,POINT (14.5970204 -19.7628879)
133,node,4213487471,-20.2155843,14.1801261,Village,hamlet,,,,,,,,,,,,,,,,,,,,,,,,,,POINT (14.1801261 -20.2155843)
134,node,4213718147,-20.2429266,14.1591941,Village,hamlet,,,,,,,,,,,,,,,,,,,,,,,,,,POINT (14.1591941 -20.2429266)
135,node,4213751368,-19.9507348,14.6204641,,hamlet,,,,,,,,,,,,,,,,,,,,,,,,,,POINT (14.6204641 -19.9507348)
136,node,4213789724,-19.8967052,14.3015546,,hamlet,,,,,,,,,,,,,,,,,,,,,,,,,,POINT (14.3015546 -19.8967052)
137,node,4213789758,-19.7485234,14.2430291,,hamlet,,,,,,,,,,,,,,,,,,,,,,,,,,POINT (14.2430291 -19.7485234)
138,node,4213790113,-19.7327193,14.2726299,,hamlet,,,,,,,,,,,,,,,,,,,,,,,,,,POINT (14.2726299 -19.7327193)
139,node,4217155612,-19.0356338,16.4710969,Halali,village,,,,,Namibia,,,,,,,,,,,,,,,,,,,,,POINT (16.4710969 -19.0356338)
140,node,4354436905,-19.2325262,17.3497016,Guinas,hamlet,,,,,,,,,,,,,,,,,,,,,,,,,,POINT (17.3497016 -19.2325262)
141,node,4468548095,-18.6311834,14.1598649,Otjitundua,village,,,,,,,,,Kunene,,Namibia,,,,,,,,,,,,,,,POINT (14.1598649 -18.6311834)
142,node,4496874489,-19.847709,15.470069,Otjikondo,village,,,Q2037060,,,,,,,,,,,,,,,,,,,,,,,POINT (15.470069 -19.847709)
143,node,4505765478,-17.5067462,15.6360866,Omungwelume,village,,,,,,,,,,,,,,,,,,,,,,,,,,POINT (15.6360866 -17.5067462)
144,node,4789874402,-17.2918851,15.8479063,Ohaitamba,village,,,,,,,,,,,,,,,,,,,,,,,,,,POINT (15.8479063 -17.2918851)
145,node,4789874403,-17.2211624,15.9146617,Okawe,village,,,,,,,,,,,,,,,,,,,,,,,,,,POINT (15.9146617 -17.2211624)
146,node,4789874404,-17.2089424,16.0656157,Mukua,village,,,,,,,,,,,,,,,,,,,,,,,,,,POINT (16.0656157 -17.2089424)
147,node,4789874405,-17.2536636,16.11363,Omandobe,village,,,,,,,,,,,,,,,,,,,,,,,,,,POINT (16.11363 -17.2536636)
148,node,4789874406,-17.2140279,16.2328262,Chipela,village,,,,,,,,,,,,,,,,,,,,,,,,,,POINT (16.2328262 -17.2140279)
149,node,4789874408,-17.2897521,16.436611,Mulunga Washikongo,village,,,,,,,,,,,,,,,,,,,,,,,,,,POINT (16.436611 -17.2897521)
150,node,5136125135,-17.3940925,14.5680119,Omahenene,village,,,,,,,,,,,,,,,,,,,,,,,,,,POINT (14.5680119 -17.3940925)
151,node,5136125136,-17.4177792,14.5314353,Etunda,village,,,,,,,,,,,,,,,,,,,,,,,,,,POINT (14.5314353 -17.4177792)
152,node,5136125153,-17.4345185,14.6340854,Epalela,village,,,,,,,,,,,,,,,,,,,,,,,,,,POINT (14.6340854 -17.4345185)
153,node,5136125165,-17.5149708,14.6398523,Eunda,hamlet,,,,,,,,,,,,,,,,,,,,,,,,,,POINT (14.6398523 -17.5149708)
154,node,5136125166,-17.4489582,14.7756766,Mahenene,hamlet,,,,,,,,,,,,,,,,,,,,,,,,,,POINT (14.7756766 -17.4489582)
155,node,5136125167,-17.5244371,14.7214844,Oshaala,hamlet,,,,,,,,,,,,,,,,,,,,,,,,,,POINT (14.7214844 -17.5244371)
156,node,5156582415,-17.553509,16.7445426,Oshikunde,village,,,,,,,,,,500,,,,,,,,,,,,,,,,POINT (16.7445426 -17.553509)
157,node,5204364896,-19.8002026,14.5963287,,hamlet,,,,,,,,,,,,,,,,,,,,,,,,,,POINT (14.5963287 -19.8002026)
158,node,5204373733,-19.6499097,14.8523796,,hamlet,,,,,,,,,,,,,,,,,,,,,,,,,,POINT (14.8523796 -19.6499097)
159,node,5291504899,-19.8497371,14.4556206,,hamlet,,,,,,,,,,,,,,,,,,,,,,,,,,POINT (14.4556206 -19.8497371)
160,node,5291504932,-19.8575577,14.4290721,,hamlet,,,,,,,,,,,,,,,,,,,,,,,,,,POINT (14.4290721 -19.8575577)
161,node,5291505276,-19.8014929,14.3972504,,hamlet,,,,,,,,,,,,,,,,,,,,,,,,,,POINT (14.3972504 -19.8014929)
162,node,5291899514,-20.6451739,16.2678337,,hamlet,,,,,,,,,,,,,,,,,,,,,,,,,,POINT (16.2678337 -20.6451739)
163,node,5293651156,-21.1117263,16.0954428,,hamlet,,,,,,,,,,,,,,,,,,,,,,,,,,POINT (16.0954428 -21.1117263)
164,node,5344202438,-20.0605993,14.2619743,Village,village,,,,,,,,,,,,,,,,,,,,,,,,,,POINT (14.2619743 -20.0605993)
165,node,5344209195,-20.3321166,14.1476796,Vrede,village,,,,,,,,,,,,,,,,,,,,,,,,,,POINT (14.1476796 -20.3321166)
166,node,5346544022,-20.4660263,14.5848985,Village,hamlet,,,,,,,,,,,,,,,,,,,,,,,,,,POINT (14.5848985 -20.4660263)
167,node,5346544323,-20.4424673,14.7263963,Village,hamlet,,,,,,,,,,,,,,,,,,,,,,,,,,POINT (14.7263963 -20.4424673)
168,node,5346544365,-20.4818659,14.699363,Village,hamlet,,,,,,,,,,,,,,,,,,,,,,,,,,POINT (14.699363 -20.4818659)
169,node,5349148365,-20.0148284,14.6671467,Village,hamlet,,,,,,,,,,,,,,,,,,,,,,,,,,POINT (14.6671467 -20.0148284)
170,node,5350399117,-19.8002144,14.3969886,Estorff,village,,,,,,,,,,,Namibia,,,,,,,,,,,,,,,POINT (14.3969886 -19.8002144)
171,node,5350399119,-19.6886405,14.3156713,Erwee,hamlet,,,,,,,,,,,Namibia,,,,,,,,,,,,,,,POINT (14.3156713 -19.6886405)
172,node,5350399221,-19.6084802,14.4764319,Condor,hamlet,,,,,,,,,,,Namibia,,,,,,,,,,,,,,,POINT (14.4764319 -19.6084802)
173,node,5350399262,-19.8106942,14.5474859,Onguati,village,,,,,,,,,,,Namibia,,,,,,,,,,,,,,,POINT (14.5474859 -19.8106942)
174,node,5350438951,-20.0956065,14.0444069,Spaarwater,village,,,,,,,,,,,Namibia,,,,,,,,,,,,,,,POINT (14.0444069 -20.0956065)
175,node,5350930547,-18.6177939,14.0737563,Okalindi Komutati,village,,,,,,,,,Kunene,,Namibia,,,,,,,,,,,,,,,POINT (14.0737563 -18.6177939)
176,node,5350951319,-18.9851337,14.3734126,Oromauwa Cattle Post,hamlet,,,,,,,,,,,,,,,,,,,,,,,,,,POINT (14.3734126 -18.9851337)
177,node,5350956921,-18.6669268,14.263623,Ekango,village,,,,,,,,,,,,,,,,,,,,,,,,,,POINT (14.263623 -18.6669268)
178,node,5352090695,-20.8943227,15.5572742,Otjohorongo,village,,,,,,,,,Kunene,,Namibia,,,,,,,,,,,,,,,POINT (15.5572742 -20.8943227)
179,node,5352090730,-20.9899642,15.6461748,Ovihitua,hamlet,,,,,,,,,Kunene,,Namibia,,,,,,,,,,,,,,,POINT (15.6461748 -20.9899642)
180,node,5484997276,-20.949409,14.8337666,Anixab,village,,,,,,,,,,,,,,,,,,,,,,,,,,POINT (14.8337666 -20.949409)
181,node,5485042242,-20.8557902,14.9595155,Onverwag,hamlet,,,,,,,,,,,,,,,,,,,,,,,,,,POINT (14.9595155 -20.8557902)
182,node,5486307353,-17.7952095,16.056781,Okahenge,village,,,Q7081729,,,,,,,,,,,,,,,,,,,,,,,POINT (16.056781 -17.7952095)
183,node,5486314744,-17.7855876,16.0835259,Oshigambo,village,,,Q7106606,,,,,,,,,,,,,,,,,,,,,,,POINT (16.0835259 -17.7855876)
184,node,5486980024,-17.4757612,16.3368249,Eenhana,town,Ээнхана,,Q774264,en:Eenhana,Namibia,Enhana,Local Knowledge,,,5528,,,,,,,,,,,,,,4,,POINT (16.3368249 -17.4757612)
185,node,5486984286,-17.6381618,16.2921354,Onambutu,village,,,,,,,,,,,,,,,,,,,,,,,,,,POINT (16.2921354 -17.6381618)
186,node,5486997053,-17.516941,16.0775865,Ondobe,village,,,,,,,,,,,,,,,,,,,,,,,,,,POINT (16.0775865 -17.516941)
187,node,5487024085,-17.5184842,16.0142812,Onuno,village,,,,,,,,,,,,,,,,,,,,,,,,,,POINT (16.0142812 -17.5184842)
188,node,5487027725,-17.51562,15.9521666,Okatope,village,,,,,,,,,,,,,,,,,,,,,,,,,,POINT (15.9521666 -17.51562)
189,node,5667340835,-21.1128032,15.4540625,Okomapuku,hamlet,,,,,,,,,,,,,,,,,,,,,,,,,,POINT (15.4540625 -21.1128032)
190,node,5670642429,-20.9849003,14.8158993,Gae-Aos,village,,,,,,,,,,,,,,,,,,,,,,,,,,POINT (14.8158993 -20.9849003)
191,node,5670646335,-21.1398812,15.0575444,Amasbank,hamlet,,,,,,,,,,,,,,,,,,,,,,,,,,POINT (15.0575444 -21.1398812)
192,node,5670652736,-21.0808779,15.1520763,Orumwe,hamlet,,,,,,,,,,,,,,,,,,,,,,,,,,POINT (15.1520763 -21.0808779)
193,node,5670681825,-20.9554067,15.1579284,Okondomba,hamlet,,,,,,,,,,,,,,,,,,,,,,,,,,POINT (15.1579284 -20.9554067)
194,node,5670693372,-20.9817224,15.0109551,Ais,hamlet,,,,,,,,,,,,,,,,,,,,,,,,,,POINT (15.0109551 -20.9817224)
195,node,5674254444,-20.716691,14.6557242,Geibigeb,village,,,,,,,,,,,,,,,,,,,,,,,,,,POINT (14.6557242 -20.716691)
196,node,5712943513,-20.5521304,17.405689,Ohakane,hamlet,,,,,,,,,,,,,,,,,,,,,,,,,,POINT (17.405689 -20.5521304)
197,node,5762439455,-20.59902,17.4647557,Omupanda,hamlet,,,,,,,,,,,,,,,,,,,,,,,,,,POINT (17.4647557 -20.59902)
198,node,5762488509,-20.5170407,17.6704703,Otumborombonga,hamlet,,,,,,,,,,,,,,,,,,,,,,,,,,POINT (17.6704703 -20.5170407)
199,node,5762491184,-20.7120484,17.6647929,Okahitwa,hamlet,,,,,,,,,,,,,,,,,,,,,,,,,,POINT (17.6647929 -20.7120484)
200,node,5762492036,-20.688653,17.7071335,Orunahi,hamlet,,,,,,,,,,,,,,,,,,,,,,,,,,POINT (17.7071335 -20.688653)
201,node,5762493561,-20.6346879,17.7348136,Omatanga,hamlet,,,,,,,,,,,,,,,,,,,,,,,,,,POINT (17.7348136 -20.6346879)
202,node,5762496178,-20.6652903,17.6652251,Omatjatjeva,hamlet,,,,,,,,,,,,,,,,,,,,,,,,,,POINT (17.6652251 -20.6652903)
203,node,5762504476,-20.6849468,17.5801274,Ombuyovakuru,hamlet,,,,,,,,,,,,,,,,,,,,,,,,,,POINT (17.5801274 -20.6849468)
204,node,5762513401,-20.5532446,17.8571561,Omatupa,hamlet,,,,,,,,,,,,,,,,,,,,,,,,,,POINT (17.8571561 -20.5532446)
205,node,5796066872,-20.362057,17.8944116,Orauku,hamlet,,,,,,,,,,,,,,,,,,,,,,,,,,POINT (17.8944116 -20.362057)
206,node,5815111408,-20.3903753,17.8636821,Okangoho,hamlet,,,,,,,,,,,,,,,,,,,,,,,,,,POINT (17.8636821 -20.3903753)
207,node,5815125823,-20.4327984,17.7823694,Ombinda,hamlet,,,,,,,,,,,,,,,,,,,,,,,,,,POINT (17.7823694 -20.4327984)
208,node,5815206874,-20.5685113,17.5528206,Okatuwo,hamlet,,,,,,,,,,,,,,,,,,,,,,,,,,POINT (17.5528206 -20.5685113)
209,node,5819909377,-21.0349638,16.8195823,Sukses,hamlet,,,,,,,,,,,,,,,,,,,,,,,,,,POINT (16.8195823 -21.0349638)
210,node,5928610849,-18.8222893,14.0023434,,hamlet,,,,,,,,,,,,,,,,,,,,,,,,,,POINT (14.0023434 -18.8222893)
211,node,5931484061,-18.358507,14.1115361,,hamlet,,,,,,,,,,,,,,,,,,,,,,,,,,POINT (14.1115361 -18.358507)
212,node,5931484418,-18.3422138,14.1146636,Otsivu,hamlet,,,,,,,,,,,,,,,,,,,,,,,,,,POINT (14.1146636 -18.3422138)
213,node,5931484506,-18.323434,14.056406,,hamlet,,,,,,,,,,,,,,,,,,,,,,,,,,POINT (14.056406 -18.323434)
214,node,5933690770,-18.5384446,14.2710525,,hamlet,,,,,,,,,,,,,,,,,,,,,,,,,,POINT (14.2710525 -18.5384446)
215,node,5943402392,-18.0737848,16.2454577,Onyaanya,village,,,,,,,,,,,,,,,,,,,,,,,,,,POINT (16.2454577 -18.0737848)
216,node,5945849464,-20.5905413,17.7963374,Otjjase,hamlet,,,,,,,,,,,,,,,,,,,,,,,,,,POINT (17.7963374 -20.5905413)
217,node,5945937061,-18.2720972,16.4779115,Okapuko,hamlet,,,,,,,,,,,,,,,,,,,,,,,,,,POINT (16.4779115 -18.2720972)
218,node,6067250090,-17.6424471,15.9268639,Ongha,village,,,,,,,,,,,,,,,,,,,,,,,,,,POINT (15.9268639 -17.6424471)
219,node,6669837984,-17.7747818,15.5765092,Uukwangula,hamlet,,,,,,,,,,,,,,,,,,,,,,,,,,POINT (15.5765092 -17.7747818)
220,node,6845007988,-17.5897011,15.9976562,Onamahoka,hamlet,,,,,,,,,,,,,,,,,,,,,,,,,,POINT (15.9976562 -17.5897011)
221,node,6847390983,-17.6835587,16.0593128,Onamukulo,hamlet,,,,,,,,,,,,,,,,,,,,,,,,,,POINT (16.0593128 -17.6835587)
222,node,6851569407,-18.378574,17.8710478,,hamlet,,,,,,,,,,,,,,,,,,,,,,,,,,POINT (17.8710478 -18.378574)
223,node,7260725550,-20.5759032,17.8322696,Otuvingo,hamlet,,,,,,,,,,,,,,,,,,,,,,,,,,POINT (17.8322696 -20.5759032)
224,node,7260725552,-20.8274883,17.7492284,Okomumbonde,hamlet,,,,,,,,Ombooronde,,,,,,,,,,,,,,,,,,POINT (17.7492284 -20.8274883)
225,node,7260725554,-20.8207495,17.6856708,Ovitatu,hamlet,,,,,,,,,,,,,,,,,,,,,,,,,,POINT (17.6856708 -20.8207495)
226,node,7260725555,-20.6853832,17.911478,,hamlet,,,,,,,,,,,,,,,,,,,,,,,,,,POINT (17.911478 -20.6853832)
227,node,7270553181,-17.635326,17.3034452,Oshatotwa,hamlet,,,,,,,,,,,,,,,,,,,,,,,,,,POINT (17.3034452 -17.635326)
228,node,7270675963,-17.9842151,16.0210914,Olukonda,hamlet,,,,,,,,,,,,,,,,,,,,,,,,,,POINT (16.0210914 -17.9842151)
229,node,7396285516,-20.9168219,15.1583964,Oputua,hamlet,,,,,,,,,,,,,,,,,,,,,,,,,,POINT (15.1583964 -20.9168219)
230,node,7425734238,-18.2983816,14.0702746,Okaihele,hamlet,,,,,,,,,,,,,,,,,,,,,,,,,,POINT (14.0702746 -18.2983816)
231,node,7521826150,-17.6549121,17.4722164,Omupini,hamlet,,,,,,,,,,,,,,,,,,,,,,,,,,POINT (17.4722164 -17.6549121)
232,node,7521881713,-17.649842,17.5427921,Oshalumbu,hamlet,,,,,,,,,,,,,,,,,,,,,,,,,,POINT (17.5427921 -17.649842)
233,node,7521982507,-17.6319995,17.6336254,Onghalulu,hamlet,,,,,,,,,,,,,,,,,,,,,,,,,,POINT (17.6336254 -17.6319995)
234,node,7522031393,-17.6487103,17.3516425,Oidiva,hamlet,,,,,,,,,,,,,,,,,,,,,,,,,,POINT (17.3516425 -17.6487103)
235,node,7522031394,-17.6900576,17.353436,Oshamambu,hamlet,,,,,,,,,,,,,,,,,,,,,,,,,,POINT (17.353436 -17.6900576)
236,node,7522090395,-17.6539718,17.4013182,Ekokalinini,hamlet,,,,,,,,,,,,,,,,,,,,,,,,,,POINT (17.4013182 -17.6539718)
237,node,7526435455,-17.5426265,17.7231634,Omauni,hamlet,,,,,,,,,,,,,,,,,,,,,,,,,,POINT (17.7231634 -17.5426265)
238,node,7528377228,-17.9283251,16.8618604,Onkumbula,hamlet,,,,,,,,,,,,,,,,,,,,,,,,,,POINT (16.8618604 -17.9283251)
239,node,7536942653,-17.447166,15.6716528,Ongenga,village,,,,,,,,,,,,,,,,,,,,,,,,,,POINT (15.6716528 -17.447166)
240,node,7539225428,-18.216547,16.1155596,,hamlet,,,,,,,,,,,,,,,,,,,,,,,,,,POINT (16.1155596 -18.216547)
241,node,7549063650,-17.6068109,17.3862966,Okanyanona,hamlet,,,,,,,,,,,,,,,,,,,,,,,,,,POINT (17.3862966 -17.6068109)
242,node,7549063651,-17.5260035,17.4025992,Ehafo,hamlet,,,,,,,,,,,,,,,,,,,,,,,,,,POINT (17.4025992 -17.5260035)
243,node,7589559482,-17.6882439,15.3257147,Oshitutuma,hamlet,,,,,,,,,,,,,,,,,,,,,,,,,,POINT (15.3257147 -17.6882439)
244,node,7593556730,-17.9156292,15.3499239,Onaanda,village,,,,,,,,,,,,,,,,,,,,,,,,,,POINT (15.3499239 -17.9156292)
245,node,7593678282,-17.9797603,15.1472473,Etilyasa,village,,,,,,,,,,,,,,,,,,,,,,,,,,POINT (15.1472473 -17.9797603)
246,node,7632695914,-19.248402,17.7087503,Tsumeb,town,,,,en:Tsumeb,,,,,,20000,,,,,,,,,,,,,,,,POINT (17.7087503 -19.248402)
247,node,7680994558,-18.4047087,16.5417619,Okangororosa,hamlet,,,,,,,,,,,,,,,,,,,,,,,,,,POINT (16.5417619 -18.4047087)
248,node,7699923412,-18.4547098,16.4671758,Indongoyakeelu,hamlet,,,,,,,,,,,,,,,,,,,,,,,,,,POINT (16.4671758 -18.4547098)
249,node,7728936996,-17.3961783,15.2458118,Wakashamane,hamlet,,,,,,,,,,,,,,,,,,,,,,,,,,POINT (15.2458118 -17.3961783)
250,node,7729220674,-17.3341066,14.829415,Dombondola,hamlet,,,,,,,,,,,,,,,,,,,,,,,,,,POINT (14.829415 -17.3341066)
251,node,7878529238,-18.1721549,16.2532042,Ondjamba,hamlet,,,,,,,,,,,,,,,,,,,,,,,,,,POINT (16.2532042 -18.1721549)
252,node,8443148121,-19.6123523,14.8296893,Omusaona Himba Village,hamlet,,,,,,,,,,,,,,,,,,,,,,,,,https://www.facebook.com/Omusaona-Himba-Village-335009640463608,POINT (14.8296893 -19.6123523)
253,node,8657300191,-17.530056,15.0035187,Ombalantu,village,,,,,,,,,,,,,,,,,,,,,,,,,,POINT (15.0035187 -17.530056)
254,node,8657301228,-17.5536375,15.0617572,Ombafi,village,,,,,,,,,,,,,,,,,,,,,,,,,,POINT (15.0617572 -17.5536375)
255,node,8657930886,-17.4960062,15.0092807,Anamulenge,village,,,,,,,,,,,,,,,,,,,,,,,,,,POINT (15.0092807 -17.4960062)
256,node,8770553851,-18.0004251,15.2498825,Otamanzi,village,,,,,,,,,,,,,,,,,,,,,,,,,,POINT (15.2498825 -18.0004251)
257,node,8777171357,-17.7271528,15.4958813,Elim,village,,,,,,,,,,,,,,,,,,,,,,,,,,POINT (15.4958813 -17.7271528)
258,node,8849122388,-21.0002212,15.1886769,Okotjoto,hamlet,,,,,,,,,,,,,,,,,,,,,,,,,,POINT (15.1886769 -21.0002212)
259,node,8960103746,-19.1408367,13.982653,Otjisakumuka,hamlet,,,,,,,,,,,,,,,,,,,,,,,,,,POINT (13.982653 -19.1408367)
260,node,9034745675,-17.5987749,15.4199702,Elalangali,hamlet,,,,,,,,,,,,,,,,,,,,,,,,,,POINT (15.4199702 -17.5987749)
261,node,9056212639,-18.1725371,15.4419529,Onkani,village,,,,,,,,,,,,,,,,,,,,,,,,,,POINT (15.4419529 -18.1725371)
262,node,9068699874,-17.4504214,15.0680156,Oluvango,hamlet,,,,,,,,Oluvongo,,,,,,,,,,,,,,,,,,POINT (15.0680156 -17.4504214)
263,node,9097287813,-17.4989175,15.2182571,Okakwa,hamlet,,,,,,,,,,,,,,,,,,,,,,,,,,POINT (15.2182571 -17.4989175)
